url,title,main_content,images,navigation_links
bienvenue-a-binin-ye-la-vision-et-les-valeurs-qui-animent-notre-ong/,"
    Bienvenue à Binin Yé : La Vision et les Valeurs qui Animent notre ONG - bininye
   ","Restez connecté avec Binin Yé et suivez nos activités, nos réalisations et nos mises à jours. Inscrivez vous à notre newsletter pour recevoir régulièrement des nouvelles sur notre travail, nos projets, nos campagnes et bien plus encore",https://bininye.com/wp-content/uploads/2023/10/newnewnewlogo.png; https://bininye.com/wp-content/uploads/2023/10/newnewnewlogo.png; https://bininye.com/wp-content/uploads/2023/11/fpdl.in_photo-recadree-jeune-equipe-amis-multiethniques_171337-18230_medium.jpg,Accueil:https://bininye.com/; Qui sommes nous ?:https://bininye.com/qui-sommes-nous/; Nos Domaines:https://bininye.com/nos-domaines/; Nos Equipes:https://bininye.com/equipes/; Nos-Activités:https://bininye.com/evenements/; Contribuer:https://bininye.com/contribuer/; Blog:https://bininye.com/blog/; Médiathèque:https://bininye.com/photos-et-videos/; Nous rejoindre:https://bininye.com/nous-rejoindre/; Témoignages:https://bininye.com/temoignages/; Contact:https://bininye.com/contact/
binin-ye-forme-les-leaders-religieux-et-soutient-lepargne-des-jeunes/,"
    Binin Yé Forme les Leaders Religieux et Soutient l'Épargne des Jeunes - bininye
   ","Restez connecté avec Binin Yé et suivez nos activités, nos réalisations et nos mises à jours. Inscrivez vous à notre newsletter pour recevoir régulièrement des nouvelles sur notre travail, nos projets, nos campagnes et bien plus encore",https://bininye.com/wp-content/uploads/2023/10/newnewnewlogo.png; https://bininye.com/wp-content/uploads/2023/10/newnewnewlogo.png; https://bininye.com/wp-content/uploads/2023/10/ong-binin-ye-photo-15.jpeg; https://bininye.com/wp-content/uploads/2023/10/ong-binin-ye-photo-19.jpeg; https://bininye.com/wp-content/uploads/2023/10/ong-binin-ye-photo-18.jpeg; https://bininye.com/wp-content/uploads/2023/10/ong-binin-ye-photo-17.jpeg; https://bininye.com/wp-content/uploads/2023/10/ong-binin-ye-photo-15.jpeg; https://bininye.com/wp-content/uploads/2023/10/ong-binin-ye-photo-14.jpeg; https://bininye.com/wp-content/uploads/2023/10/ong-binin-ye-photo-16-e1698245192981.jpeg,Accueil:https://bininye.com/; Qui sommes nous ?:https://bininye.com/qui-sommes-nous/; Nos Domaines:https://bininye.com/nos-domaines/; Nos Equipes:https://bininye.com/equipes/; Nos-Activités:https://bininye.com/evenements/; Contribuer:https://bininye.com/contribuer/; Blog:https://bininye.com/blog/; Médiathèque:https://bininye.com/photos-et-videos/; Nous rejoindre:https://bininye.com/nous-rejoindre/; Témoignages:https://bininye.com/temoignages/; Contact:https://bininye.com/contact/
blog/,"
    Blog - bininye
   ",NOUVELLES Consultez nos articles ici,https://bininye.com/wp-content/uploads/2023/10/newnewnewlogo.png; https://bininye.com/wp-content/uploads/2023/10/newnewnewlogo.png; https://bininye.com/wp-content/uploads/2023/11/fpdl.in_photo-recadree-jeune-equipe-amis-multiethniques_171337-18230_medium-390x284.jpg; https://bininye.com/wp-content/uploads/2023/11/fpdl.in_groupe-multiracial-jeunes-marchant-ensemble-pour-protester-pour-egalite-droits-homme-contre-racisme_143883-7_medium-390x284.jpg; https://bininye.com/wp-content/uploads/2023/11/fpdl.in_enfants-apprennent-planetes-classe_23-2148925464_medium-390x284.jpg; https://bininye.com/wp-content/uploads/2023/11/fpdl.in_groupe-noirs-joyeux-hommes-femmes-s-embrassant-se-souriant-chaleureusement_833768-885_large-390x284.jpg; https://bininye.com/wp-content/uploads/2023/11/fpdl.in_femme-africaine-enseignant-aux-enfants-classe_23-2148892563_medium-390x284.jpg; https://bininye.com/wp-content/uploads/2023/10/ong-binin-ye-photo-3-390x284.jpeg,Accueil:https://bininye.com/; Qui sommes nous ?:https://bininye.com/qui-sommes-nous/; Nos Domaines:https://bininye.com/nos-domaines/; Nos Equipes:https://bininye.com/equipes/; Nos-Activités:https://bininye.com/evenements/; Contribuer:https://bininye.com/contribuer/; Blog:https://bininye.com/blog/; Médiathèque:https://bininye.com/photos-et-videos/; Nous rejoindre:https://bininye.com/nous-rejoindre/; Témoignages:https://bininye.com/temoignages/; Contact:https://bininye.com/contact/
campaigns-donnons-aux-jeunes-un-avenir-sain-et-epanoui/,"
    Donnons aux Jeunes un Avenir Sain et Épanoui - bininye
   ","Restez connecté avec Binin Yé et suivez nos activités, nos réalisations et nos mises à jours. Inscrivez vous à notre newsletter pour recevoir régulièrement des nouvelles sur notre travail, nos projets, nos campagnes et bien plus encore",https://bininye.com/wp-content/uploads/2023/10/newnewnewlogo.png; https://bininye.com/wp-content/uploads/2023/10/newnewnewlogo.png; https://bininye.com/wp-content/uploads/2023/11/WhatsApp-Image-2023-11-19-at-15.33.05-1.jpeg,Accueil:https://bininye.com/; Qui sommes nous ?:https://bininye.com/qui-sommes-nous/; Nos Domaines:https://bininye.com/nos-domaines/; Nos Equipes:https://bininye.com/equipes/; Nos-Activités:https://bininye.com/evenements/; Contribuer:https://bininye.com/contribuer/; Blog:https://bininye.com/blog/; Médiathèque:https://bininye.com/photos-et-videos/; Nous rejoindre:https://bininye.com/nous-rejoindre/; Témoignages:https://bininye.com/temoignages/; Contact:https://bininye.com/contact/
campaigns-ensemble-pour-la-sante-les-droits-sexuels-et-reproductifs/,"
    Ensemble pour la Santé, les Droits Sexuels et Reproductifs - bininye
   ","Restez connecté avec Binin Yé et suivez nos activités, nos réalisations et nos mises à jours. Inscrivez vous à notre newsletter pour recevoir régulièrement des nouvelles sur notre travail, nos projets, nos campagnes et bien plus encore",https://bininye.com/wp-content/uploads/2023/10/newnewnewlogo.png; https://bininye.com/wp-content/uploads/2023/10/newnewnewlogo.png; https://bininye.com/wp-content/uploads/2023/10/binin-ye-consultation-gratuite-.jpg,Accueil:https://bininye.com/; Qui sommes nous ?:https://bininye.com/qui-sommes-nous/; Nos Domaines:https://bininye.com/nos-domaines/; Nos Equipes:https://bininye.com/equipes/; Nos-Activités:https://bininye.com/evenements/; Contribuer:https://bininye.com/contribuer/; Blog:https://bininye.com/blog/; Médiathèque:https://bininye.com/photos-et-videos/; Nous rejoindre:https://bininye.com/nous-rejoindre/; Témoignages:https://bininye.com/temoignages/; Contact:https://bininye.com/contact/
campaigns-liberons-le-potentiel-elevons-des-femmes-leaders/,"
    Libérons le Potentiel, Élevons des Femmes Leaders - bininye
   ","Restez connecté avec Binin Yé et suivez nos activités, nos réalisations et nos mises à jours. Inscrivez vous à notre newsletter pour recevoir régulièrement des nouvelles sur notre travail, nos projets, nos campagnes et bien plus encore",https://bininye.com/wp-content/uploads/2023/10/newnewnewlogo.png; https://bininye.com/wp-content/uploads/2023/10/newnewnewlogo.png; https://bininye.com/wp-content/uploads/2023/10/ong-binin-ye-photo-10-1.jpeg,Accueil:https://bininye.com/; Qui sommes nous ?:https://bininye.com/qui-sommes-nous/; Nos Domaines:https://bininye.com/nos-domaines/; Nos Equipes:https://bininye.com/equipes/; Nos-Activités:https://bininye.com/evenements/; Contribuer:https://bininye.com/contribuer/; Blog:https://bininye.com/blog/; Médiathèque:https://bininye.com/photos-et-videos/; Nous rejoindre:https://bininye.com/nous-rejoindre/; Témoignages:https://bininye.com/temoignages/; Contact:https://bininye.com/contact/
campaigns-renforcons-la-gouvernance-locale-pour-un-avenir-communautaire-prospere/,"
    Renforçons la Gouvernance Locale pour un Avenir - bininye
   ","Restez connecté avec Binin Yé et suivez nos activités, nos réalisations et nos mises à jours. Inscrivez vous à notre newsletter pour recevoir régulièrement des nouvelles sur notre travail, nos projets, nos campagnes et bien plus encore",https://bininye.com/wp-content/uploads/2023/10/newnewnewlogo.png; https://bininye.com/wp-content/uploads/2023/10/newnewnewlogo.png; https://bininye.com/wp-content/uploads/2023/10/ong-binin-ye-photo-15.jpeg,Accueil:https://bininye.com/; Qui sommes nous ?:https://bininye.com/qui-sommes-nous/; Nos Domaines:https://bininye.com/nos-domaines/; Nos Equipes:https://bininye.com/equipes/; Nos-Activités:https://bininye.com/evenements/; Contribuer:https://bininye.com/contribuer/; Blog:https://bininye.com/blog/; Médiathèque:https://bininye.com/photos-et-videos/; Nous rejoindre:https://bininye.com/nous-rejoindre/; Témoignages:https://bininye.com/temoignages/; Contact:https://bininye.com/contact/
campaigns-unisssons-nous-contre-les-violences-basees-sur-le-genre-et-lextremisme-violent/,"
    Unisssons-nous contre les Violences Basées sur le Genre et l'Extrémisme Violent - bininye
   ","Restez connecté avec Binin Yé et suivez nos activités, nos réalisations et nos mises à jours. Inscrivez vous à notre newsletter pour recevoir régulièrement des nouvelles sur notre travail, nos projets, nos campagnes et bien plus encore",https://bininye.com/wp-content/uploads/2023/10/newnewnewlogo.png; https://bininye.com/wp-content/uploads/2023/10/newnewnewlogo.png; https://bininye.com/wp-content/uploads/2023/11/fpdl.in_groupe-multiracial-jeunes-marchant-ensemble-pour-protester-pour-egalite-droits-homme-contre-racisme_143883-7_medium.jpg,Accueil:https://bininye.com/; Qui sommes nous ?:https://bininye.com/qui-sommes-nous/; Nos Domaines:https://bininye.com/nos-domaines/; Nos Equipes:https://bininye.com/equipes/; Nos-Activités:https://bininye.com/evenements/; Contribuer:https://bininye.com/contribuer/; Blog:https://bininye.com/blog/; Médiathèque:https://bininye.com/photos-et-videos/; Nous rejoindre:https://bininye.com/nous-rejoindre/; Témoignages:https://bininye.com/temoignages/; Contact:https://bininye.com/contact/
category-activites-gouvernance-locale/,"
    Archives des Gouvernance Locale - bininye
   ","Restez connecté avec Binin Yé et suivez nos activités, nos réalisations et nos mises à jours. Inscrivez vous à notre newsletter pour recevoir régulièrement des nouvelles sur notre travail, nos projets, nos campagnes et bien plus encore",https://bininye.com/wp-content/uploads/2023/10/newnewnewlogo.png; https://bininye.com/wp-content/uploads/2023/10/newnewnewlogo.png,Accueil:https://bininye.com/; Qui sommes nous ?:https://bininye.com/qui-sommes-nous/; Nos Domaines:https://bininye.com/nos-domaines/; Nos Equipes:https://bininye.com/equipes/; Nos-Activités:https://bininye.com/evenements/; Contribuer:https://bininye.com/contribuer/; Blog:https://bininye.com/blog/; Médiathèque:https://bininye.com/photos-et-videos/; Nous rejoindre:https://bininye.com/nous-rejoindre/; Témoignages:https://bininye.com/temoignages/; Contact:https://bininye.com/contact/
category-activites-leadership-et-empowerment-des-femmes/,"
    Archives des Leadership et Empowerment des femmes - bininye
   ","Restez connecté avec Binin Yé et suivez nos activités, nos réalisations et nos mises à jours. Inscrivez vous à notre newsletter pour recevoir régulièrement des nouvelles sur notre travail, nos projets, nos campagnes et bien plus encore",https://bininye.com/wp-content/uploads/2023/10/newnewnewlogo.png; https://bininye.com/wp-content/uploads/2023/10/newnewnewlogo.png; https://bininye.com/wp-content/uploads/2025/01/1736279803051.jpg; https://bininye.com/wp-content/uploads/2023/10/ong-binin-ye-photo-4.jpeg,Accueil:https://bininye.com/; Qui sommes nous ?:https://bininye.com/qui-sommes-nous/; Nos Domaines:https://bininye.com/nos-domaines/; Nos Equipes:https://bininye.com/equipes/; Nos-Activités:https://bininye.com/evenements/; Contribuer:https://bininye.com/contribuer/; Blog:https://bininye.com/blog/; Médiathèque:https://bininye.com/photos-et-videos/; Nous rejoindre:https://bininye.com/nous-rejoindre/; Témoignages:https://bininye.com/temoignages/; Contact:https://bininye.com/contact/
category-activites-lutte-contre-les-vbg-et-l-extremisme-violent/,"
    Archives des Lutte contre les VBG et l’Extrémisme Violent - bininye
   ","Restez connecté avec Binin Yé et suivez nos activités, nos réalisations et nos mises à jours. Inscrivez vous à notre newsletter pour recevoir régulièrement des nouvelles sur notre travail, nos projets, nos campagnes et bien plus encore",https://bininye.com/wp-content/uploads/2023/10/newnewnewlogo.png; https://bininye.com/wp-content/uploads/2023/10/newnewnewlogo.png; https://bininye.com/wp-content/uploads/2023/10/ong-binin-ye-photo-15.jpeg,Accueil:https://bininye.com/; Qui sommes nous ?:https://bininye.com/qui-sommes-nous/; Nos Domaines:https://bininye.com/nos-domaines/; Nos Equipes:https://bininye.com/equipes/; Nos-Activités:https://bininye.com/evenements/; Contribuer:https://bininye.com/contribuer/; Blog:https://bininye.com/blog/; Médiathèque:https://bininye.com/photos-et-videos/; Nous rejoindre:https://bininye.com/nous-rejoindre/; Témoignages:https://bininye.com/temoignages/; Contact:https://bininye.com/contact/
category-activites-nutrition-communautaire/,"
    Archives des Nutrition Communautaire - bininye
   ","Restez connecté avec Binin Yé et suivez nos activités, nos réalisations et nos mises à jours. Inscrivez vous à notre newsletter pour recevoir régulièrement des nouvelles sur notre travail, nos projets, nos campagnes et bien plus encore",https://bininye.com/wp-content/uploads/2023/10/newnewnewlogo.png; https://bininye.com/wp-content/uploads/2023/10/newnewnewlogo.png,Accueil:https://bininye.com/; Qui sommes nous ?:https://bininye.com/qui-sommes-nous/; Nos Domaines:https://bininye.com/nos-domaines/; Nos Equipes:https://bininye.com/equipes/; Nos-Activités:https://bininye.com/evenements/; Contribuer:https://bininye.com/contribuer/; Blog:https://bininye.com/blog/; Médiathèque:https://bininye.com/photos-et-videos/; Nous rejoindre:https://bininye.com/nous-rejoindre/; Témoignages:https://bininye.com/temoignages/; Contact:https://bininye.com/contact/
category-activites-sante-droits-sexuels-et-reproductifs/,"
    Archives des Santé, Droits Sexuels et Reproductifs - bininye
   ","Restez connecté avec Binin Yé et suivez nos activités, nos réalisations et nos mises à jours. Inscrivez vous à notre newsletter pour recevoir régulièrement des nouvelles sur notre travail, nos projets, nos campagnes et bien plus encore",https://bininye.com/wp-content/uploads/2023/10/newnewnewlogo.png; https://bininye.com/wp-content/uploads/2023/10/newnewnewlogo.png; https://bininye.com/wp-content/uploads/2025/05/WhatsApp-Image-2025-04-26-at-16.06.31.jpeg; https://bininye.com/wp-content/uploads/2025/01/1736279803051.jpg; https://bininye.com/wp-content/uploads/2023/11/WhatsApp-Image-2023-11-19-at-15.33.05.jpeg; https://bininye.com/wp-content/uploads/2023/10/ong-binin-ye-photo-15.jpeg,Accueil:https://bininye.com/; Qui sommes nous ?:https://bininye.com/qui-sommes-nous/; Nos Domaines:https://bininye.com/nos-domaines/; Nos Equipes:https://bininye.com/equipes/; Nos-Activités:https://bininye.com/evenements/; Contribuer:https://bininye.com/contribuer/; Blog:https://bininye.com/blog/; Médiathèque:https://bininye.com/photos-et-videos/; Nous rejoindre:https://bininye.com/nous-rejoindre/; Témoignages:https://bininye.com/temoignages/; Contact:https://bininye.com/contact/
contact/,"
    Contact - bininye
   ","
Prénoms *
Mom *
Adresse Email *
Messages *
Envoyer le messageEnvoyer le message",https://bininye.com/wp-content/uploads/2023/10/newnewnewlogo.png; https://bininye.com/wp-content/uploads/2023/10/newnewnewlogo.png,Accueil:https://bininye.com/; Qui sommes nous ?:https://bininye.com/qui-sommes-nous/; Nos Domaines:https://bininye.com/nos-domaines/; Nos Equipes:https://bininye.com/equipes/; Nos-Activités:https://bininye.com/evenements/; Contribuer:https://bininye.com/contribuer/; Blog:https://bininye.com/blog/; Médiathèque:https://bininye.com/photos-et-videos/; Nous rejoindre:https://bininye.com/nous-rejoindre/; Témoignages:https://bininye.com/temoignages/; Contact:https://bininye.com/contact/
contribuer/,"
    Contribuer - bininye
   ","Votre soutien est la clé pour réaliser notre mission au Bénin.Chez Binin Yé, nous croyons en la puissance de la solidarité.Votre contribution peut apporter un changement significatif dans la vie des personnes dans le besoin.Découvrez comment vous pouvez contribuer et faire une différence.",https://bininye.com/wp-content/uploads/2023/10/newnewnewlogo.png; https://bininye.com/wp-content/uploads/2023/10/newnewnewlogo.png; https://bininye.com/wp-content/uploads/2023/10/ong-binin-ye-photo-21-1024x682.jpeg; https://bininye.com/wp-content/uploads/2023/10/binin-ye-sante-hygienne-de-base.jpg; https://bininye.com/wp-content/uploads/2023/10/binin-nutrition-communautaire-e1698251096274.jpg; https://bininye.com/wp-content/uploads/2023/10/binin-ye-lutte-contre-la-violence-.jpg; https://bininye.com/wp-content/uploads/2023/10/ong-binin-ye-photo-11-1.jpeg; https://bininye.com/wp-content/uploads/2023/10/binin-ye-consultation-gratuite--390x302.jpg; https://bininye.com/wp-content/uploads/2023/11/fpdl.in_groupe-multiracial-jeunes-marchant-ensemble-pour-protester-pour-egalite-droits-homme-contre-racisme_143883-7_medium-390x302.jpg; https://bininye.com/wp-content/uploads/2023/10/ong-binin-ye-photo-10-1-390x302.jpeg; https://bininye.com/wp-content/uploads/2023/10/binin-ye-sante-hygienne-de-base-390x302.jpg; https://bininye.com/wp-content/uploads/2023/10/ong-binin-ye-photo-15-390x302.jpeg; https://bininye.com/wp-content/uploads/2023/11/WhatsApp-Image-2023-11-19-at-15.33.05-1-390x302.jpeg; https://bininye.com/wp-content/uploads/2023/10/ong-binin-ye-photo-13-e1698245368600.jpeg,Accueil:https://bininye.com/; Qui sommes nous ?:https://bininye.com/qui-sommes-nous/; Nos Domaines:https://bininye.com/nos-domaines/; Nos Equipes:https://bininye.com/equipes/; Nos-Activités:https://bininye.com/evenements/; Contribuer:https://bininye.com/contribuer/; Blog:https://bininye.com/blog/; Médiathèque:https://bininye.com/photos-et-videos/; Nous rejoindre:https://bininye.com/nous-rejoindre/; Témoignages:https://bininye.com/temoignages/; Contact:https://bininye.com/contact/
equipes/,"
    Equipes - bininye
   ",Membres Rencontrez notre équipe dévouée,https://bininye.com/wp-content/uploads/2023/10/newnewnewlogo.png; https://bininye.com/wp-content/uploads/2023/10/newnewnewlogo.png; https://bininye.com/wp-content/uploads/2023/10/WhatsApp-Image-2023-10-23-at-21.02.44-e1698263573481-371x418.jpeg; https://bininye.com/wp-content/uploads/2023/10/WhatsApp-Image-2023-10-23-at-21.03.46-371x418.jpeg; https://bininye.com/wp-content/uploads/2023/10/WhatsApp-Image-2023-10-23-at-22.19.07-371x418.jpeg; https://bininye.com/wp-content/uploads/2023/10/WhatsApp-Image-2023-10-26-at-12.01.25-371x416.jpeg; https://bininye.com/wp-content/uploads/2023/10/WhatsApp-Image-2023-10-23-at-21.19.57-1-e1698269785612.jpeg; https://bininye.com/wp-content/uploads/2023/10/WhatsApp-Image-2023-10-23-at-21.31.22-e1698270312179-371x418.jpeg; https://bininye.com/wp-content/uploads/2023/10/ong-binni-ye-emoloiye-371x418.jpeg; https://bininye.com/wp-content/uploads/2023/10/WhatsApp-Image-2023-10-23-at-22.09.10-371x418.jpeg; https://bininye.com/wp-content/uploads/2024/11/WhatsApp-Image-2024-11-16-at-06.38.56-e1731738772533-371x418.jpeg,Accueil:https://bininye.com/; Qui sommes nous ?:https://bininye.com/qui-sommes-nous/; Nos Domaines:https://bininye.com/nos-domaines/; Nos Equipes:https://bininye.com/equipes/; Nos-Activités:https://bininye.com/evenements/; Contribuer:https://bininye.com/contribuer/; Blog:https://bininye.com/blog/; Médiathèque:https://bininye.com/photos-et-videos/; Nous rejoindre:https://bininye.com/nous-rejoindre/; Témoignages:https://bininye.com/temoignages/; Contact:https://bininye.com/contact/
evenements/,"
    Nos Activités - bininye
   ",Activités Explorons Notre Impact : Nos Initiatives au Bénin,https://bininye.com/wp-content/uploads/2023/10/newnewnewlogo.png; https://bininye.com/wp-content/uploads/2023/10/newnewnewlogo.png; https://bininye.com/wp-content/uploads/2023/10/ong-binin-ye-photo-15-699x412.jpeg; https://bininye.com/wp-content/uploads/2023/10/ong-binin-ye-photo-15-699x412.jpeg; https://bininye.com/wp-content/uploads/2023/10/ong-binin-ye-photo-9-699x412.jpeg; https://bininye.com/wp-content/uploads/2023/10/ong-binin-ye-photo-9-699x412.jpeg; https://bininye.com/wp-content/uploads/2023/10/ong-binin-ye-photo-4-699x412.jpeg; https://bininye.com/wp-content/uploads/2023/10/ong-binin-ye-photo-4-699x412.jpeg; https://bininye.com/wp-content/uploads/2023/11/WhatsApp-Image-2023-11-19-at-15.33.05-699x412.jpeg; https://bininye.com/wp-content/uploads/2023/11/WhatsApp-Image-2023-11-19-at-15.33.05-699x412.jpeg; https://bininye.com/wp-content/uploads/2025/01/1736279803051-699x412.jpg; https://bininye.com/wp-content/uploads/2025/01/1736279803051-699x412.jpg; https://bininye.com/wp-content/uploads/2025/05/WhatsApp-Image-2025-04-26-at-16.06.31-698x412.jpeg; https://bininye.com/wp-content/uploads/2025/05/WhatsApp-Image-2025-04-26-at-16.06.31-698x412.jpeg,Accueil:https://bininye.com/; Qui sommes nous ?:https://bininye.com/qui-sommes-nous/; Nos Domaines:https://bininye.com/nos-domaines/; Nos Equipes:https://bininye.com/equipes/; Nos-Activités:https://bininye.com/evenements/; Contribuer:https://bininye.com/contribuer/; Blog:https://bininye.com/blog/; Médiathèque:https://bininye.com/photos-et-videos/; Nous rejoindre:https://bininye.com/nous-rejoindre/; Témoignages:https://bininye.com/temoignages/; Contact:https://bininye.com/contact/
nos-domaines/,"
    Nos Domaines - bininye
   ",Nos domaines Voici un aperçu de nos principaux domaines d'intervention,https://bininye.com/wp-content/uploads/2023/10/newnewnewlogo.png; https://bininye.com/wp-content/uploads/2023/10/newnewnewlogo.png; https://bininye.com/wp-content/uploads/2023/10/fpdl.in_groupe-quatre-filles-afro-americaines-assises-plein-air-montrant-doigts_627829-2787_normal-350x245.jpg; https://bininye.com/wp-content/uploads/2023/10/binin-ye-consultation-gratuite--350x245.jpg; https://bininye.com/wp-content/uploads/2023/10/binin-ye-valeurs-culturelle--350x245.jpg; https://bininye.com/wp-content/uploads/2023/10/binin-ye-vulgarisation-des-textes-de-lois--350x245.jpg; https://bininye.com/wp-content/uploads/2023/10/binin-ye-lutte-contre-la-violence--350x245.jpg; https://bininye.com/wp-content/uploads/2023/10/ong-binin-ye-photo-7-1-350x245.jpeg; https://bininye.com/wp-content/uploads/2023/10/binin-ye-sante-hygienne-de-base-350x245.jpg; https://bininye.com/wp-content/uploads/2023/10/WhatsApp-Image-2023-11-22-at-14.04.03-350x245.jpeg; https://bininye.com/wp-content/uploads/2023/10/ong-binin-ye-photo-10-1-350x245.jpeg; https://bininye.com/wp-content/uploads/2023/07/faq.png,Accueil:https://bininye.com/; Qui sommes nous ?:https://bininye.com/qui-sommes-nous/; Nos Domaines:https://bininye.com/nos-domaines/; Nos Equipes:https://bininye.com/equipes/; Nos-Activités:https://bininye.com/evenements/; Contribuer:https://bininye.com/contribuer/; Blog:https://bininye.com/blog/; Médiathèque:https://bininye.com/photos-et-videos/; Nous rejoindre:https://bininye.com/nous-rejoindre/; Témoignages:https://bininye.com/temoignages/; Contact:https://bininye.com/contact/
nous-rejoindre/,"
    Nous rejoindre - bininye
   ",,https://bininye.com/wp-content/uploads/2023/10/newnewnewlogo.png; https://bininye.com/wp-content/uploads/2023/10/newnewnewlogo.png; https://bininye.com/wp-content/uploads/2023/10/ong-binin-ye-photo-13-e1698245368600.jpeg,Accueil:https://bininye.com/; Qui sommes nous ?:https://bininye.com/qui-sommes-nous/; Nos Domaines:https://bininye.com/nos-domaines/; Nos Equipes:https://bininye.com/equipes/; Nos-Activités:https://bininye.com/evenements/; Contribuer:https://bininye.com/contribuer/; Blog:https://bininye.com/blog/; Médiathèque:https://bininye.com/photos-et-videos/; Nous rejoindre:https://bininye.com/nous-rejoindre/; Témoignages:https://bininye.com/temoignages/; Contact:https://bininye.com/contact/
photos-et-videos/,"
    Photos et Vidéos - bininye
   ",PHOTOS ET VIDEOS Découvrez notre monde à travers  des images et des vidéos captivantes,https://bininye.com/wp-content/uploads/2023/10/newnewnewlogo.png; https://bininye.com/wp-content/uploads/2023/10/newnewnewlogo.png; https://bininye.com/wp-content/uploads/2023/10/ong-binin-ye-photo-16-e1698245192981.jpeg; https://bininye.com/wp-content/uploads/2023/10/ong-binin-ye-photo-2.jpeg; https://bininye.com/wp-content/uploads/2023/10/ong-binin-ye-photo-9.jpeg; https://bininye.com/wp-content/uploads/2023/10/ong-binin-ye-photo-25.jpeg; https://bininye.com/wp-content/uploads/2023/10/ong-binin-ye-photo-24.jpeg; https://bininye.com/wp-content/uploads/2023/10/ong-binin-ye-photo-7-1.jpeg,Accueil:https://bininye.com/; Qui sommes nous ?:https://bininye.com/qui-sommes-nous/; Nos Domaines:https://bininye.com/nos-domaines/; Nos Equipes:https://bininye.com/equipes/; Nos-Activités:https://bininye.com/evenements/; Contribuer:https://bininye.com/contribuer/; Blog:https://bininye.com/blog/; Médiathèque:https://bininye.com/photos-et-videos/; Nous rejoindre:https://bininye.com/nous-rejoindre/; Témoignages:https://bininye.com/temoignages/; Contact:https://bininye.com/contact/
qui-sommes-nous/,"
    Qui sommes nous ? - bininye
   ",,https://bininye.com/wp-content/uploads/2023/10/newnewnewlogo.png; https://bininye.com/wp-content/uploads/2023/10/newnewnewlogo.png; https://bininye.com/wp-content/uploads/2023/10/ong-binin-ye-photo-13-e1698245368600.jpeg; https://bininye.com/wp-content/uploads/2023/07/inspire.png; https://bininye.com/wp-content/uploads/2023/10/ong-binin-ye-photo-16-e1698245192981.jpeg; https://bininye.com/wp-content/uploads/2023/10/ong-binin-ye-photo-2.jpeg; https://bininye.com/wp-content/uploads/2023/10/ong-binin-ye-photo-9.jpeg; https://bininye.com/wp-content/uploads/2023/07/welcome-1.jpg; https://bininye.com/wp-content/uploads/2023/07/welcome-2.jpg; https://bininye.com/wp-content/uploads/2023/07/welcome-3.jpg; https://bininye.com/wp-content/uploads/2023/07/welcome-4.jpg; https://bininye.com/wp-content/uploads/2023/07/welcome-5.jpg; https://bininye.com/wp-content/uploads/2023/07/welcome-6.jpg; https://bininye.com/wp-content/uploads/2023/07/welcome-7.jpg; https://bininye.com/wp-content/uploads/2023/10/WhatsApp-Image-2023-10-23-at-21.02.44-e1698263573481-371x418.jpeg; https://bininye.com/wp-content/uploads/2023/10/WhatsApp-Image-2023-10-23-at-21.03.46-371x418.jpeg; https://bininye.com/wp-content/uploads/2023/10/WhatsApp-Image-2023-10-23-at-22.19.07-371x418.jpeg; https://bininye.com/wp-content/uploads/2023/07/6.png; https://bininye.com/wp-content/uploads/2023/07/7.png; https://bininye.com/wp-content/uploads/2023/07/8.png; https://bininye.com/wp-content/uploads/2023/07/9.png; https://bininye.com/wp-content/uploads/2023/07/6.png; https://bininye.com/wp-content/uploads/2023/07/faq.png,Accueil:https://bininye.com/; Qui sommes nous ?:https://bininye.com/qui-sommes-nous/; Nos Domaines:https://bininye.com/nos-domaines/; Nos Equipes:https://bininye.com/equipes/; Nos-Activités:https://bininye.com/evenements/; Contribuer:https://bininye.com/contribuer/; Blog:https://bininye.com/blog/; Médiathèque:https://bininye.com/photos-et-videos/; Nous rejoindre:https://bininye.com/nous-rejoindre/; Témoignages:https://bininye.com/temoignages/; Contact:https://bininye.com/contact/
renforcement-de-capacite-des-adolescents-et-jeunes/,"
    Renforcement de Capacité des Adolescents et Jeunes - bininye
   ","Restez connecté avec Binin Yé et suivez nos activités, nos réalisations et nos mises à jours. Inscrivez vous à notre newsletter pour recevoir régulièrement des nouvelles sur notre travail, nos projets, nos campagnes et bien plus encore",https://bininye.com/wp-content/uploads/2023/10/newnewnewlogo.png; https://bininye.com/wp-content/uploads/2023/10/newnewnewlogo.png; https://bininye.com/wp-content/uploads/2023/10/ong-binin-ye-photo-9.jpeg; https://bininye.com/wp-content/uploads/2023/10/ong-binin-ye-photo-7-e1698244650178.jpeg; https://bininye.com/wp-content/uploads/2023/10/ong-binin-ye-photo-8.jpeg; https://bininye.com/wp-content/uploads/2023/10/ong-binin-ye-photo-6.jpeg; https://bininye.com/wp-content/uploads/2023/10/ong-binin-ye-photo-10-e1698242690683.jpeg,Accueil:https://bininye.com/; Qui sommes nous ?:https://bininye.com/qui-sommes-nous/; Nos Domaines:https://bininye.com/nos-domaines/; Nos Equipes:https://bininye.com/equipes/; Nos-Activités:https://bininye.com/evenements/; Contribuer:https://bininye.com/contribuer/; Blog:https://bininye.com/blog/; Médiathèque:https://bininye.com/photos-et-videos/; Nous rejoindre:https://bininye.com/nous-rejoindre/; Témoignages:https://bininye.com/temoignages/; Contact:https://bininye.com/contact/
temoignages/,"
    Témoignages - bininye
   ",Témoignages de changement avec Binin Yé Partageons nos histoires inspirantes,https://bininye.com/wp-content/uploads/2023/10/newnewnewlogo.png; https://bininye.com/wp-content/uploads/2023/10/newnewnewlogo.png,Accueil:https://bininye.com/; Qui sommes nous ?:https://bininye.com/qui-sommes-nous/; Nos Domaines:https://bininye.com/nos-domaines/; Nos Equipes:https://bininye.com/equipes/; Nos-Activités:https://bininye.com/evenements/; Contribuer:https://bininye.com/contribuer/; Blog:https://bininye.com/blog/; Médiathèque:https://bininye.com/photos-et-videos/; Nous rejoindre:https://bininye.com/nous-rejoindre/; Témoignages:https://bininye.com/temoignages/; Contact:https://bininye.com/contact/
